Datetime,Water Level (m)
2026-09-28 12:00:00,-0.73290485
2026-09-28 13:00:00,-1.1038262
2026-09-28 14:00:00,-1.3837571
2026-09-28 15:00:00,-1.4682581
2026-09-28 16:00:00,0.75952125
2026-09-28 17:00:00,2.0758033
2026-09-28 18:00:00,2.7456274
2026-09-28 19:00:00,2.7317874
2026-09-28 20:00:00,2.0786965
2026-09-28 21:00:00,1.1697099
2026-09-28 22:00:00,0.36374864
2026-09-28 23:00:00,-0.29183176
2026-09-29 00:00:00,-0.6890631
2026-09-29 01:00:00,-1.0386275
2026-09-29 02:00:00,-1.301563
2026-09-29 03:00:00,-1.3955089
2026-09-29 04:00:00,0.3521233
2026-09-29 05:00:00,1.6639823
2026-09-29 06:00:00,2.4370356
2026-09-29 07:00:00,2.5854661
2026-09-29 08:00:00,2.0550919
2026-09-29 09:00:00,1.1892451
2026-09-29 10:00:00,0.39504066
2026-09-29 11:00:00,-0.256351
2026-09-29 12:00:00,-0.67032266
2026-09-29 13:00:00,-1.0069354
2026-09-29 14:00:00,-1.2892282
2026-09-29 15:00:00,-1.441285
2026-09-29 16:00:00,-0.16412759
2026-09-29 17:00:00,1.3888867
2026-09-29 18:00:00,2.3617525
2026-09-29 19:00:00,2.7819996
2026-09-29 20:00:00,2.5479095
2026-09-29 21:00:00,1.7106913
2026-09-29 22:00:00,0.86851054
2026-09-29 23:00:00,0.07522347
2026-09-30 00:00:00,-0.45324463
2026-09-30 01:00:00,-0.79884607
2026-09-30 02:00:00,-1.1326268
2026-09-30 03:00:00,-1.3451415
2026-09-30 04:00:00,-1.013309
2026-09-30 05:00:00,0.92001104
2026-09-30 06:00:00,1.9012712
2026-09-30 07:00:00,2.414272
2026-09-30 08:00:00,2.312876
2026-09-30 09:00:00,1.5903404
2026-09-30 10:00:00,0.8108999
2026-09-30 11:00:00,0.07905316
2026-09-30 12:00:00,-0.4657928
2026-09-30 13:00:00,-0.8024232
2026-09-30 14:00:00,-1.1203558
2026-09-30 15:00:00,-1.3496069
2026-09-30 16:00:00,-1.2308038
2026-09-30 17:00:00,0.61065423
2026-09-30 18:00:00,1.7607632
2026-09-30 19:00:00,2.478925
2026-09-30 20:00:00,2.625328
2026-09-30 21:00:00,2.1191566
2026-09-30 22:00:00,1.281231
2026-09-30 23:00:00,0.51149493
2026-10-01 00:00:00,-0.17636175
2026-10-01 01:00:00,-0.58735216
2026-10-01 02:00:00,-0.88384295
2026-10-01 03:00:00,-1.1634879
2026-10-01 04:00:00,-1.2246245
2026-10-01 05:00:00,0.11045071
2026-10-01 06:00:00,1.2094283
2026-10-01 07:00:00,1.8399874
2026-10-01 08:00:00,2.1427374
2026-10-01 09:00:00,1.8781629
2026-10-01 10:00:00,1.1791903
2026-10-01 11:00:00,0.48714373
2026-10-01 12:00:00,-0.1571405
2026-10-01 13:00:00,-0.58054477
2026-10-01 14:00:00,-0.89468086
2026-10-01 15:00:00,-1.1783712
2026-10-01 16:00:00,-1.302965
2026-10-01 17:00:00,-0.33688185
2026-10-01 18:00:00,0.9824613
2026-10-01 19:00:00,1.7697064
2026-10-01 20:00:00,2.2528272
2026-10-01 21:00:00,2.2254658
2026-10-01 22:00:00,1.6911255
2026-10-01 23:00:00,0.967213
2026-10-02 00:00:00,0.26302224
2026-10-02 01:00:00,-0.27516624
2026-10-02 02:00:00,-0.6273875
2026-10-02 03:00:00,-0.94398063
2026-10-02 04:00:00,-1.1198635
2026-10-02 05:00:00,-0.8840406
2026-10-02 06:00:00,0.43247393
2026-10-02 07:00:00,1.1688908
2026-10-02 08:00:00,1.6567508
2026-10-02 09:00:00,1.8048204
2026-10-02 10:00:00,1.4614221
2026-10-02 11:00:00,0.87400556
2026-10-02 12:00:00,0.21881025
2026-10-02 13:00:00,-0.2756055
2026-10-02 14:00:00,-0.6189054
2026-10-02 15:00:00,-0.92549956
2026-10-02 16:00:00,-1.1263278
2026-10-02 17:00:00,-1.0050409
2026-10-02 18:00:00,0.2266724
2026-10-02 19:00:00,1.0761408
2026-10-02 20:00:00,1.6506842
2026-10-02 21:00:00,1.9531716
2026-10-02 22:00:00,1.83985
2026-10-02 23:00:00,1.3837944
2026-10-03 00:00:00,0.7682824
2026-10-03 01:00:00,0.15141445
2026-10-03 02:00:00,-0.2863992
2026-10-03 03:00:00,-0.5865493
2026-10-03 04:00:00,-0.83562773
2026-10-03 05:00:00,-0.91819865
2026-10-03 06:00:00,-0.4574162
2026-10-03 07:00:00,0.45189962
2026-10-03 08:00:00,0.94572103
2026-10-03 09:00:00,1.3227639
2026-10-03 10:00:00,1.4251363
2026-10-03 11:00:00,1.1710662
2026-10-03 12:00:00,0.712022
2026-10-03 13:00:00,0.16866843
2026-10-03 14:00:00,-0.26976112
2026-10-03 15:00:00,-0.5467623
2026-10-03 16:00:00,-0.796231
2026-10-03 17:00:00,-0.90841466
2026-10-03 18:00:00,-0.6415578
2026-10-03 19:00:00,0.26497027
2026-10-03 20:00:00,0.84371996
2026-10-03 21:00:00,1.2854861
2026-10-03 22:00:00,1.5830729
2026-10-03 23:00:00,1.582095
2026-10-04 00:00:00,1.2920732
2026-10-04 01:00:00,0.8085255
2026-10-04 02:00:00,0.28109547
2026-10-04 03:00:00,-0.121574536
2026-10-04 04:00:00,-0.42014807
2026-10-04 05:00:00,-0.64863104
2026-10-04 06:00:00,-0.7569559
2026-10-04 07:00:00,-0.6022845
2026-10-04 08:00:00,0.04841225
2026-10-04 09:00:00,0.573171
2026-10-04 10:00:00,0.94895583
2026-10-04 11:00:00,1.196947
2026-10-04 12:00:00,1.1689695
